product_name,our_price,category,current_stock,restock_threshold,last_restock_date,supplier
Organic Coffee Beans (1lb),14.99,Beverages,45,25,2024-11-15,Bean Brothers
Premium Green Tea (50 bags),8.99,Beverages,32,20,2024-11-10,Tea Time Imports
Masala Chai Mix (12oz),9.99,Beverages,18,15,2024-11-18,Spice World
Yerba Mate Loose Leaf (1lb),12.99,Beverages,5,10,2024-11-01,South America Goods
Hot Chocolate Mix (1lb),7.99,Beverages,50,30,2024-11-12,Sweet Cocoa Co
Earl Grey Tea (100 bags),11.99,Beverages,28,25,2024-11-14,Tea Time Imports
Espresso Beans (1lb),16.99,Beverages,22,20,2024-11-16,Bean Brothers
Chamomile Tea (30 bags),6.99,Tea,12,15,2024-11-05,Tea Time Imports
Matcha Green Tea Powder (4oz),19.99,Beverages,8,10,2024-11-17,Tea Time Imports
Decaf Coffee Beans (1lb),15.99,Beverages,15,15,2024-11-13,Bean Brothers
Mint Tea (25 bags),7.49,Beverages,0,12,2024-10-30,Tea Time Imports
Instant Coffee (8oz),11.99,Coffee,25,20,2024-11-19,Coffee Corner
Rooibos Tea (40 bags),,Beverages,30,20,2024-11-08,Tea Time Imports
cold brew concentrate,13.99,Beverages,19,15,2024-11-20,Bean Brothers